<?xml version="1.0" encoding="UTF-8"?>
<project-private xmlns="http://www.netbeans.org/ns/project-private/1">
    <editor-bookmarks xmlns="http://www.netbeans.org/ns/editor-bookmarks/2" lastBookmarkId="0"/>
    <open-files xmlns="http://www.netbeans.org/ns/projectui-open-files/2">
        <group>
            <file>file:/C:/microchip/harmony/v1_06/apps/NavigationController/firmware/src/navigation.c</file>
            <file>file:/C:/microchip/harmony/v1_06/apps/NavigationController/firmware/src/adxl345.c</file>
            <file>file:/C:/microchip/harmony/v1_06/apps/NavigationController/firmware/src/uart_public.h</file>
            <file>file:/C:/microchip/harmony/v1_06/apps/NavigationController/firmware/src/navigation.h</file>
            <file>file:/C:/microchip/harmony/v1_06/apps/NavigationController/firmware/src/adxl345.h</file>
            <file>file:/C:/microchip/harmony/v1_06/apps/NavigationController/firmware/src/photoelectric.c</file>
            <file>file:/C:/microchip/harmony/v1_06/apps/NavigationController/firmware/src/uart_streamer.c</file>
            <file>file:/C:/microchip/harmony/v1_06/apps/NavigationController/firmware/src/system_config/default/system_interrupt.c</file>
            <file>file:/C:/microchip/harmony/v1_06/apps/NavigationController/firmware/src/photoelectric.h</file>
        </group>
    </open-files>
</project-private>
