<?xml version="1.0" encoding="UTF-8"?>
<project-private xmlns="http://www.netbeans.org/ns/project-private/1">
    <editor-bookmarks xmlns="http://www.netbeans.org/ns/editor-bookmarks/2" lastBookmarkId="0"/>
    <open-files xmlns="http://www.netbeans.org/ns/projectui-open-files/2">
        <group>
            <file>file:/Users/alexlepelch/Google%20Drive/Documents/Projects/Hyperloop/vhyper-build/NavControl/firmware/src/control.h</file>
            <file>file:/Users/alexlepelch/Google%20Drive/Documents/Projects/Hyperloop/vhyper-build/NavControl/firmware/src/navigation.c</file>
            <file>file:/Users/alexlepelch/Google%20Drive/Documents/Projects/Hyperloop/vhyper-build/NavControl/firmware/src/control.c</file>
            <file>file:/Users/alexlepelch/Google%20Drive/Documents/Projects/Hyperloop/vhyper-build/NavControl/firmware/src/navigation.h</file>
            <file>file:/Users/alexlepelch/Google%20Drive/Documents/Projects/Hyperloop/vhyper-build/NavControl/firmware/src/system_config/default/system_interrupt.c</file>
        </group>
    </open-files>
</project-private>
