<?xml version="1.0" encoding="UTF-8" standalone="no"?>
<configuration version="1.0.7.16">
  <General>
    <HarmonyPath path="../.."/>
    <ForceOptimization flag="true"/>
  </General>
  <Manifest>
    <Files>
      <File>
        <Name>ISR_Support.h</Name>
        <Path>Header Files/FreeRTOS/portable/MPLAB/PIC32MX</Path>
      </File>
      <File>
        <Name>semphr.h</Name>
        <Path>Header Files/FreeRTOS</Path>
      </File>
      <File>
        <Name>list.c</Name>
        <Path>Source Files/FreeRTOS</Path>
      </File>
      <File>
        <Name>sys_devcon.c</Name>
        <Path>Source Files/framework/system/devcon/src</Path>
      </File>
      <File>
        <Name>queue.h</Name>
        <Path>Header Files/FreeRTOS</Path>
      </File>
      <File>
        <Name>portmacro.h</Name>
        <Path>Header Files/FreeRTOS/portable/MPLAB/PIC32MX</Path>
      </File>
      <File>
        <Name>croutine.c</Name>
        <Path>Source Files/FreeRTOS</Path>
      </File>
      <File>
        <Name>StackMacros.h</Name>
        <Path>Header Files/FreeRTOS</Path>
      </File>
      <File>
        <Name>osal_freertos.c</Name>
        <Path>Source Files/framework/osal/src</Path>
      </File>
      <File>
        <Name>tasks.c</Name>
        <Path>Source Files/FreeRTOS</Path>
      </File>
      <File>
        <Name>port_asm.S</Name>
        <Path>Source Files/FreeRTOS/portable/MPLAB/PIC32MX</Path>
      </File>
      <File>
        <Name>drv_i2c.c</Name>
        <Path>Source Files/framework/driver/i2c/src/dynamic</Path>
      </File>
      <File>
        <Name>sys_ports.h</Name>
        <Path>Header Files/framework/system/ports</Path>
      </File>
      <File>
        <Name>projdefs.h</Name>
        <Path>Header Files/FreeRTOS</Path>
      </File>
      <File>
        <Name>portable.h</Name>
        <Path>Header Files/FreeRTOS</Path>
      </File>
      <File>
        <Name>croutine.h</Name>
        <Path>Header Files/FreeRTOS</Path>
      </File>
      <File>
        <Name>list.h</Name>
        <Path>Header Files/FreeRTOS</Path>
      </File>
      <File>
        <Name>driver.h</Name>
        <Path>Header Files/framework/driver</Path>
      </File>
      <File>
        <Name>sys_common.h</Name>
        <Path>Header Files/framework/system/common</Path>
      </File>
      <File>
        <Name>sys_int_pic32.c</Name>
        <Path>Source Files/framework/system/int/src</Path>
      </File>
      <File>
        <Name>event_groups.h</Name>
        <Path>Header Files/FreeRTOS</Path>
      </File>
      <File>
        <Name>port.c</Name>
        <Path>Source Files/FreeRTOS/portable/MPLAB/PIC32MX</Path>
      </File>
      <File>
        <Name>FreeRTOS.h</Name>
        <Path>Header Files/FreeRTOS</Path>
      </File>
      <File>
        <Name>sys_ports.c</Name>
        <Path>Source Files/framework/system/ports/src</Path>
      </File>
      <File>
        <Name>sys_devcon.h</Name>
        <Path>Header Files/framework/system/devcon</Path>
      </File>
      <File>
        <Name>event_groups.c</Name>
        <Path>Source Files/FreeRTOS</Path>
      </File>
      <File>
        <Name>system.h</Name>
        <Path>Header Files/framework/system</Path>
      </File>
      <File>
        <Name>drv_i2c.h</Name>
        <Path>Header Files/framework/driver/i2c</Path>
      </File>
      <File>
        <Name>sys_module.h</Name>
        <Path>Header Files/framework/system/common</Path>
      </File>
      <File>
        <Name>sys_devcon_pic32mx.c</Name>
        <Path>Source Files/framework/system/devcon/src</Path>
      </File>
      <File>
        <Name>timers.h</Name>
        <Path>Header Files/FreeRTOS</Path>
      </File>
      <File>
        <Name>timers.c</Name>
        <Path>Source Files/FreeRTOS</Path>
      </File>
      <File>
        <Name>heap_1.c</Name>
        <Path>Source Files/FreeRTOS/portable/MemMang</Path>
      </File>
      <File>
        <Name>task.h</Name>
        <Path>Header Files/FreeRTOS</Path>
      </File>
      <File>
        <Name>mpu_wrappers.h</Name>
        <Path>Header Files/FreeRTOS</Path>
      </File>
      <File>
        <Name>queue.c</Name>
        <Path>Source Files/FreeRTOS</Path>
      </File>
      <File>
        <Name>sys_int.h</Name>
        <Path>Header Files/framework/system/int</Path>
      </File>
    </Files>
    <Templates>
      <Template>
        <Name>drv_oc_static.c</Name>
        <Path>Source Files/app/system_config/default/framework/driver/oc/src</Path>
        <Checksum>B28003C85A4838EEC5753707515D9E3A</Checksum>
      </Template>
      <Template>
        <Name>sys_ports_static.c</Name>
        <Path>Source Files/app/system_config/default/framework/system/ports/src</Path>
        <Checksum>195E32D12C5CC6C6829F0E960F41127D</Checksum>
      </Template>
      <Template>
        <Name>system_init.c</Name>
        <Path>Source Files/app/system_config/default</Path>
        <Checksum>E3DD39E64B5D1C8CE7CE352EA55F31FA</Checksum>
        <ProjectFileChecksum>293FC70DF44770890569CCEA919D3C9B</ProjectFileChecksum>
      </Template>
      <Template>
        <Name>drv_oc_static.h</Name>
        <Path>Header Files/app/system_config/default/framework/driver/oc</Path>
        <Checksum>3825C9EFDE04EA1FE6DB72CF2BB657F6</Checksum>
      </Template>
      <Template>
        <Name>main.c</Name>
        <Path>Source Files/app</Path>
      </Template>
      <Template>
        <Name>system_interrupt_a.S</Name>
        <Path>Source Files/app/system_config/default</Path>
        <Checksum>BF13F04B1FB278DEFC41BF2E116FD557</Checksum>
      </Template>
      <Template>
        <Name>drv_tmr_static.h</Name>
        <Path>Header Files/app/system_config/default/framework/driver/tmr</Path>
        <Checksum>1EEAFE0A143AFA7C44B680539F52062B</Checksum>
      </Template>
      <Template>
        <Name>system_definitions.h</Name>
        <Path>Header Files/app/system_config/default</Path>
        <Checksum>0CB90DB9A1FD0E2A765377A7F05050F8</Checksum>
      </Template>
      <Template>
        <Name>system_exceptions.c</Name>
        <Path>Source Files/app/system_config/default</Path>
        <Checksum>C111969CA43D6CEA1E9E33A6164E7AE0</Checksum>
      </Template>
      <Template>
        <Name>navigation.h</Name>
        <Path>Header Files/app</Path>
      </Template>
      <Template>
        <Name>drv_usart_static.c</Name>
        <Path>Source Files/app/system_config/default/framework/driver/usart</Path>
        <Checksum>A7A805179AEFD3DA995BB89EFE039586</Checksum>
      </Template>
      <Template>
        <Name>uart_streamer.h</Name>
        <Path>Header Files/app</Path>
      </Template>
      <Template>
        <Name>navigation.c</Name>
        <Path>Source Files/app</Path>
      </Template>
      <Template>
        <Name>drv_usart_static.h</Name>
        <Path>Header Files/app/system_config/default/framework/driver/usart</Path>
        <Checksum>66C127084540B78CD4F78E2FBCC6D29F</Checksum>
      </Template>
      <Template>
        <Name>FreeRTOSConfig.h</Name>
        <Path>Header Files/app/system_config/default</Path>
        <Checksum>CAB3B67018DED20F963722E89E730C4F</Checksum>
      </Template>
      <Template>
        <Name>system_tasks.c</Name>
        <Path>Source Files/app/system_config/default</Path>
        <Checksum>10FC12C89457CCAD205CBB729B12AD70</Checksum>
        <ProjectFileChecksum>F66B64797E7F41732A4E85196BAA3BD3</ProjectFileChecksum>
      </Template>
      <Template>
        <Name>system_config.h</Name>
        <Path>Header Files/app/system_config/default</Path>
        <Checksum>63885054AC222E58FE13108E6BE8A2D4</Checksum>
      </Template>
      <Template>
        <Name>drv_tmr_static.c</Name>
        <Path>Source Files/app/system_config/default/framework/driver/tmr/src</Path>
        <Checksum>1DCAF49ECDCA328F279E68405DACB861</Checksum>
      </Template>
      <Template>
        <Name>sys_clk_static.h</Name>
        <Path>Header Files/app/system_config/default/framework/system/clk</Path>
        <Checksum>999179DADE9ECD59953526F5E9F83ACC</Checksum>
      </Template>
      <Template>
        <Name>system_interrupt.c</Name>
        <Path>Source Files/app/system_config/default</Path>
        <Checksum>41B39E5CFF8311706057F79FAFBCD406</Checksum>
        <ProjectFileChecksum>D5F5DB69124811AAA6B8AFD1E46F24A8</ProjectFileChecksum>
      </Template>
      <Template>
        <Name>rtos_hooks.c</Name>
        <Path>Source Files/app/system_config/default</Path>
        <Checksum>FA52743264536E5207D2ADBE57B48D05</Checksum>
      </Template>
      <Template>
        <Name>uart_streamer.c</Name>
        <Path>Source Files/app</Path>
      </Template>
      <Template>
        <Name>sys_clk_static.c</Name>
        <Path>Source Files/app/system_config/default/framework/system/clk/src</Path>
        <Checksum>1B968DA82B5DD869A6119C3B7628D753</Checksum>
      </Template>
    </Templates>
    <CompilerItems>
      <C32-AS>
        <Include value="../../../../third_party/rtos/FreeRTOS/Source/portable/MPLAB/PIC32MX"/>
        <Include value="../../../../third_party/rtos/FreeRTOS/Source/include"/>
        <Include value="../src/system_config/default"/>
      </C32-AS>
      <C32>
        <Include value="../../../../third_party/rtos/FreeRTOS/Source/portable/MPLAB/PIC32MX"/>
        <Include value="../../../../third_party/rtos/FreeRTOS/Source/include"/>
        <Include value="../src/system_config/default"/>
        <Define value="__XC"/>
      </C32>
    </CompilerItems>
    <Libraries>
      <Library value="../../../../bin/framework/peripheral/PIC32MX795F512L_peripherals.a"/>
    </Libraries>
  </Manifest>
</configuration>
